{"cameraMode":{"drawMode":0,"name":"Shaded","section":"Shading Mode"},"sceneLighting":true,"audioPlay":false,"sceneViewState":{"m_AlwaysRefresh":false,"showFog":true,"showSkybox":true,"showFlares":true,"showImageEffects":true,"showParticleSystems":true,"showVisualEffectGraphs":true,"m_FxEnabled":true},"in2DMode":false,"pivot":{"x":22.020774841308595,"y":-15.291838645935059,"z":17.0197696685791},"rotation":{"x":0.27918311953544619,"y":0.28966814279556277,"z":-0.08875209093093872,"w":0.9111979603767395},"size":26.457515716552736,"orthographic":false}